{
  "entity.enderman.stare": {
    "replace": "true",
    "sounds": [
      "mob/endermen/stare1",
      "mob/endermen/stare2"
    ],
    "subtitle": "subtitles.entity.enderman.stare"
  },
  "entity.ender_dragon.shoot": {
    "replace": "true",
    "sounds": [
      "mob/enderdragon/growl1",
      "mob/enderdragon/growl2",
      "mob/enderdragon/growl3",
      "mob/enderdragon/growl4"
    ],
    "subtitle": "subtitles.entity.ender_dragon.shoot"
  },
  "entity.ender_dragon.growl": {
    "replace": "true",
    "sounds": [
      {
        "name": "mob/enderdragon/growl1",
        "volume": 1.1
      },
      {
        "name": "mob/enderdragon/growl2",
        "volume": 1.1
      },
      {
        "name": "mob/enderdragon/growl3",
        "volume": 1.1
      },
      {
        "name": "mob/enderdragon/growl4",
        "volume": 1.1
      }
    ],
    "subtitle": "subtitles.entity.ender_dragon.growl"
  },
  "entity.ender_dragon.ambient": {
    "replace": "true",
    "sounds": [
      "mob/enderdragon/idle1",
      "mob/enderdragon/idle2",
      "mob/enderdragon/idle3",
      "mob/enderdragon/idle4"
    ],
    "subtitle": "subtitles.entity.ender_dragon.ambient"
  },
  "entity.wolf.howl": {
    "replace": "true",
    "sounds": [
      {
        "name": "mob/wolf/howl1",
        "volume": 0.2
      },
      {
        "name": "mob/wolf/howl2",
        "volume": 0.2
      }
    ]
  },
  "block.portal.ambient": {
    "replace": "true",
    "sounds": [
      {
        "attenuation_distance": 5,
        "name": "portal/portal"
      }
    ],
    "subtitle": "subtitles.block.portal.ambient"
  },
  "entity.player.levelup": {
    "replace": "true",
    "sounds": [
      {
        "name": "random/levelup1",
        "weight": 2
      },
      {
        "name": "random/levelup2",
        "weight": 1
      }
    ],
    "subtitle": "subtitles.entity.player.levelup"
  }
}